<!--debug属性用来决定是否打印logback的日志信息，TODO 先开启查看日志-->
<configuration debug="false" scan="true" scanPeriod="60 seconds">


    <!--<property name="app_log_path" value="${EXT_DIR}/snbclogs/tools/" />-->
<!--    <property name="app_log_path" value="/mnt/internal_sd/Android/data/com.example.possdkforandroid/files" />-->
    <property name="app_log_path" value="/storage/emulated/0/Android/data/com.example.possdkforandroid/files" />
    <!--声明一个时间戳-->
    <timestamp datePattern="yyyyMMdd" key="today" />
    <!--用于在控制台输出的Appender-->
    <appender name="LOGCAT" class="ch.qos.logback.classic.android.LogcatAppender">
        <encoder>
            <pattern>[%thread] - %msg%n</pattern>
        </encoder>
    </appender>

    <!--产品团队：业务日志文件-->
    <appender name="BUSINESS_ROLL_FILE" class="ch.qos.logback.core.rolling.RollingFileAppender">
        <!--<file>${LOG_DIR}/HMI.log</file>-->
        <append>true</append>
        <!--初始化的时候不创建文件,在第一次使用的时候创建文件(特别有用，如果初使化创建时没有权限，会导致后续日志无法正确输出)\bCaller.{1}0.*|Caller.{1}1-->
        <lazy>true</lazy>
        <encoder>
            <!--<pattern>[%d{yyyy-MM-dd HH:mm:ss}] [Level: %-5p] [%thread] %replace(%caller{3}){'\t|Caller.{1}0.*|Caller.{1}1.*|Caller.{1}2|\r|\n|\\s', ''} &#45;&#45; Msg: %msg%n
            %replace(%caller{3}){'\t|Caller.{1}0.*|Caller.{1}1.*|Caller.{1}2|\r|\n|\\s', ''}
            -->
            <pattern>[%d{yyyy-MM-dd HH:mm:ss.SSS}], [%-5level], [%thread], -- Msg: %msg%n</pattern>
        </encoder>

        <!--<rollingPolicy class="com.snbc.atf.common.log.custom.CustomRollingPolicy">-->
        <rollingPolicy class="ch.qos.logback.core.rolling.SizeAndTimeBasedRollingPolicy">
            <!--<fileNamePattern>${BUSINESS_LOG_DIR}/%d{yyyyMMdd}.log.zip</fileNamePattern>-->
            <fileNamePattern>${app_log_path}/business_log/%d{yyyyMMdd,GMT+8:00}.%i.log.zip</fileNamePattern>

            <!--单日志文件最大20M-->
            <maxFileSize>2MB</maxFileSize>
            <!--最大保存10天的日志-->
            <maxHistory>20</maxHistory>
            <!--TimeBasedRollingPolicy属性，总日志最大2GB；
            如果超过大小，则删除最老的日志，需要设置maxHistory，
            执行顺序为：先执行maxHistory，如果总大小超了，再删除最老的文件-->
            <totalSizeCap>2GB</totalSizeCap>
        </rollingPolicy>
    </appender>

    <!--所有的错误文件-->
    <!--声明一个RollingFileAppender，根据时间和大小滚动，注意其中fileNamePattern中的%d和%i是强制的，根据%d规则滚动日志文件，%i为索引，即单个日志文件达到maxFileSize时的分割-->
    <appender name="ERROR_ROLL_FILE" class="ch.qos.logback.core.rolling.RollingFileAppender">
        <!--注释file标签，使当前的日志不会以下方这个固定的名称进行命名，可以根据日期实时生成-->
        <!--<file>${LOG_DIR}/HMI.log</file>-->
        <append>true</append>
        <!--初始化的时候不创建文件,在第一次使用的时候创建文件(特别有用，如果初使化创建时没有权限，会导致后续日志无法正确输出)-->
        <!--%d{yyyy/MM/dd HH:mm:ss,SSS}[%thread]  %-5level %t %logger{36} - %msg%n-->
        <lazy>true</lazy>
        <encoder>
            <pattern>[%d{yyyy-MM-dd HH:mm:ss.SSS}], [%-5level], [%thread], - Msg: %msg%n</pattern>
        </encoder>

        <!--<rollingPolicy class="com.snbc.atf.common.log.custom.CustomRollingPolicy">-->
        <rollingPolicy class="ch.qos.logback.core.rolling.SizeAndTimeBasedRollingPolicy">
            <fileNamePattern>${app_log_path}/error_log/%d{yyyyMMdd,GMT+8:00}.%i.log.zip</fileNamePattern>
            <!--单日志文件最大20M-->
            <maxFileSize>2MB</maxFileSize>
            <!--最大保存10天的日志-->
            <maxHistory>20</maxHistory>
            <!--TimeBasedRollingPolicy属性，总日志最大12MB；
            如果超过大小，则删除最老的日志，需要设置maxHistory，
            执行顺序为：先执行maxHistory，如果总大小超了，再删除最老的文件-->
            <totalSizeCap>2GB</totalSizeCap>
        </rollingPolicy>

        <filter class="ch.qos.logback.classic.filter.LevelFilter">
            <level>ERROR</level>
            <onMatch>ACCEPT</onMatch>
            <onMismatch>DENY</onMismatch>
        </filter>
    </appender>

    <!--声明一个RollingFileAppender-->
    <appender name="ATF_ROLL_FILE" class="ch.qos.logback.core.rolling.RollingFileAppender">
        <!--<file>${LOG_DIR}/HMI.log</file>-->
        <append>true</append>
        <!--初始化的时候不创建文件,在第一次使用的时候创建文件(特别有用，如果初使化创建时没有权限，会导致后续日志无法正确输出)\bCaller.{1}0.*|Caller.{1}1-->
        <lazy>true</lazy>
        <encoder>
            <pattern>[%d{yyyy-MM-dd HH:mm:ss.SSS}], [%-5level], [%thread], -- Msg: %msg%n</pattern>
        </encoder>

        <!--ATF内部日志-->
        <rollingPolicy class="ch.qos.logback.core.rolling.SizeAndTimeBasedRollingPolicy">
        <!--<rollingPolicy class="com.snbc.atf.common.log.custom.CustomRollingPolicy">-->
            <fileNamePattern>${app_log_path}/atf_log/%d{yyyyMMdd,GMT+8:00}.%i.log.zip
            </fileNamePattern>
            <!--单日志文件最大20M-->
            <maxFileSize>2MB</maxFileSize>
            <!--最大保存10天的日志-->
            <maxHistory>20</maxHistory>
            <!--TimeBasedRollingPolicy属性，总日志最大12MB；
            如果超过大小，则删除最老的日志，需要设置maxHistory，
            执行顺序为：先执行maxHistory，如果总大小超了，再删除最老的文件-->
            <totalSizeCap>2GB</totalSizeCap>

        </rollingPolicy>
    </appender>

    <!--下方为新增日志配置-->
    <!--应用使用日志相关配置-->
    <appender name="UI_ROLL_FILE" class="ch.qos.logback.core.rolling.RollingFileAppender">
        <append>true</append>
        <!--初始化的时候不创建文件,在第一次使用的时候创建文件(特别有用，如果初使化创建时没有权限，会导致后续日志无法正确输出)\bCaller.{1}0.*|Caller.{1}1-->
        <lazy>true</lazy>
        <encoder>
            <pattern>[%d{yyyy-MM-dd HH:mm:ss.SSS}], [%-5level], [%thread], -- Msg: %msg%n</pattern>
        </encoder>
        <!--<rollingPolicy class="com.snbc.atf.common.log.custom.CustomRollingPolicy">-->
        <rollingPolicy class="ch.qos.logback.core.rolling.SizeAndTimeBasedRollingPolicy">
            <fileNamePattern>${app_log_path}/ui_log/%d{yyyyMMdd,GMT+8:00}.%i.log.zip</fileNamePattern>
            <maxFileSize>2MB</maxFileSize>
            <maxHistory>20</maxHistory>
            <totalSizeCap>2GB</totalSizeCap>
        </rollingPolicy>
    </appender>

    <appender name="SERVER_ROLL_FILE" class="ch.qos.logback.core.rolling.RollingFileAppender">
        <append>true</append>
        <lazy>true</lazy>
        <encoder>
            <pattern>[%d{yyyy-MM-dd HH:mm:ss.SSS}], [%-5level], [%thread], -- Msg: %msg%n</pattern>
        </encoder>
        <rollingPolicy class="ch.qos.logback.core.rolling.SizeAndTimeBasedRollingPolicy">
        <!--<rollingPolicy class="com.snbc.atf.common.log.custom.CustomRollingPolicy">-->
            <fileNamePattern>${app_log_path}/server_log/%d{yyyyMMdd,GMT+8:00}.%i.log.zip</fileNamePattern>
            <maxFileSize>2MB</maxFileSize>
            <maxHistory>20</maxHistory>
            <totalSizeCap>2GB</totalSizeCap>
        </rollingPolicy>
    </appender>

    <appender name="DEVICE_ROLL_FILE" class="ch.qos.logback.core.rolling.RollingFileAppender">
        <append>true</append>
        <lazy>true</lazy>
        <encoder>
            <pattern>[%d{yyyy-MM-dd HH:mm:ss.SSS}], [%-5level], [%thread], -- Msg: %msg%n</pattern>
        </encoder>
        <!--<rollingPolicy class="com.snbc.atf.common.log.custom.CustomRollingPolicy">-->
        <rollingPolicy class="ch.qos.logback.core.rolling.SizeAndTimeBasedRollingPolicy">
            <fileNamePattern>${app_log_path}/devices_log/%d{yyyyMMdd,GMT+8:00}.%i.log.zip</fileNamePattern>
            <maxFileSize>2MB</maxFileSize>
            <maxHistory>20</maxHistory>
            <totalSizeCap>2GB</totalSizeCap>
        </rollingPolicy>
    </appender>

    <appender name="COMMON_ROLL_FILE" class="ch.qos.logback.core.rolling.RollingFileAppender">
        <append>true</append>
        <lazy>true</lazy>
        <encoder>
            <pattern>[%d{yyyy-MM-dd HH:mm:ss.SSS}], [%-5level], [%thread], -- Msg: %msg%n</pattern>
        </encoder>
        <!--<rollingPolicy class="com.snbc.atf.common.log.custom.CustomRollingPolicy">-->
        <rollingPolicy class="ch.qos.logback.core.rolling.SizeAndTimeBasedRollingPolicy">
            <fileNamePattern>${app_log_path}/common_log/%d{yyyyMMdd,GMT+8:00}.%i.log.zip</fileNamePattern>
            <maxFileSize>2MB</maxFileSize>
            <maxHistory>20</maxHistory>
            <totalSizeCap>2GB</totalSizeCap>
        </rollingPolicy>
    </appender>

    <appender name="OPERATION_LOCAL_ROLL_FILE" class="ch.qos.logback.core.rolling.RollingFileAppender">
        <append>true</append>
        <lazy>true</lazy>
        <encoder>
            <pattern>%d{yyyy-MM-dd HH:mm:ss.SSS}    %msg%n</pattern>
        </encoder>
        <!--<rollingPolicy class="com.snbc.atf.common.log.custom.CustomRollingPolicy">-->
        <rollingPolicy class="ch.qos.logback.core.rolling.SizeAndTimeBasedRollingPolicy">
            <fileNamePattern>${app_log_path}/operation_local_log/%d{yyyyMMdd,GMT+8:00}.%i.log.zip</fileNamePattern>
            <maxFileSize>2MB</maxFileSize>
            <maxHistory>20</maxHistory>
            <totalSizeCap>2GB</totalSizeCap>
        </rollingPolicy>
    </appender>

    <appender name="OPERATION_WEB_ROLL_FILE" class="ch.qos.logback.core.rolling.RollingFileAppender">
        <append>true</append>
        <lazy>true</lazy>
        <encoder>
            <pattern>%d{yyyy-MM-dd HH:mm:ss.SSS}    %msg%n</pattern>
        </encoder>
        <!--<rollingPolicy class="com.snbc.atf.common.log.custom.CustomRollingPolicy">-->
        <rollingPolicy class="ch.qos.logback.core.rolling.SizeAndTimeBasedRollingPolicy">
            <fileNamePattern>${app_log_path}/operation_web_log/%d{yyyyMMddHH,GMT+8:00}.%i.log.zip</fileNamePattern>
            <maxFileSize>2MB</maxFileSize>
            <maxHistory>20</maxHistory>
            <totalSizeCap>2GB</totalSizeCap>
        </rollingPolicy>
    </appender>


    <!--FIXME 指定frameworkLog采用BASE_ROLL_FILE声明的RollingFileAppender输出日志
    name名称不能修改-->
    <logger name="business_log">
        <appender-ref ref="BUSINESS_ROLL_FILE" />
    </logger>
    <logger name="error_log">
        <appender-ref ref="ERROR_ROLL_FILE" />
    </logger>
    <logger name="atf_log">
<!--        <appender-ref ref="ATF_ROLL_FILE" />-->
    </logger>

    <!--新增日志类型-->
    <logger name="ui_log">
        <appender-ref ref="UI_ROLL_FILE" />
    </logger>
    <logger name="server_log">
        <appender-ref ref="SERVER_ROLL_FILE" />
    </logger>
    <logger name="device_log">
        <appender-ref ref="DEVICE_ROLL_FILE" />
    </logger>
    <logger name="common_log">
        <appender-ref ref="COMMON_ROLL_FILE" />
    </logger>
    <logger name="operation_local_log">
        <appender-ref ref="OPERATION_LOCAL_ROLL_FILE" />
    </logger>
    <logger name="operation_web_log">
        <appender-ref ref="OPERATION_WEB_ROLL_FILE" />
    </logger>

    <root level="TRACE">
        <appender-ref ref="LOGCAT" />
        <!--<appender-ref ref="BUSINESS_ROLL_FILE"/>-->
        <!--<appender-ref ref="SYSTEM_ROLL_FILE"/>-->
        <!--<appender-ref ref="ERROR_ROLL_FILE"/>-->
        <!--<appender-ref ref="ATF_ROLL_FILE"/>-->

    </root>
</configuration>
